{"cameraMode":{"drawMode":0,"name":"Shaded","section":"Shading Mode"},"sceneLighting":true,"audioPlay":false,"sceneViewState":{"showFog":true,"showMaterialUpdate":false,"showSkybox":true,"showFlares":true,"showImageEffects":true,"showParticleSystems":true},"in2DMode":false,"pivot":{"x":-9.835744857788086,"y":32.68093490600586,"z":-47.05781936645508},"rotation":{"x":0.19722811877727509,"y":0.4217965304851532,"z":-0.09454339742660523,"w":0.8799149394035339},"size":39.31658935546875,"orthographic":false}